Nominal Resistance	R_T1	R_T2	R_T3	I_T1	I_T2	I_T3	I_T4	CALC_V
1k	1001.123	999.56562	1010.343251	0.0123213	0.013123	0.013432	0.0123124	I * R
2k	2002.213	2001.214	1999.32435	0.0051323	0.00514124	0.005124124	0.0053212	
3k	3001.1212	3003.12231	2998.12312	0.0042313	0.004123	0.0042312	0.0041231	
4k	4004.2131	4000.12312	3980.123123	0.003123	0.003321	0.0039876	0.0037645	
5k	5011	5001.2312	4990.231	0.0021231	0.0025654	0.0022456	0.0029775	
